Points,Company,Ticker,Przychody ze sprzedazy r/r,Przychody ze sprzedazy branza r/r,Zysk ze sprzedazy r/r,Zysk ze sprzedazy branza r/r,Zysk operacyjny (EBIT),Zysk operacyjny branza (EBIT),Zysk Netto,Zysk Netto branza
170.00,INPRO,INP,+103.50,-0.10,+155.41,+0.17,+142.97,+6.19,+121.70,-11.58
170.00,INTERAOLT,IRL,+265.19,+34.14,+2095.21,+9.97,+2156.87,+30.47,+162.60,+6.08
170.00,KSGAGRO,KSG,+279.29,+3.54,+102.68,-7.72,+102.68,+0.89,+232.31,+11.26
170.00,SKARBIEC,SKH,+196.83,+14.17,+2731.23,+15.11,+2968.96,+0.70,+14965.24,+20.95
170.00,VINDEXUS,VIN,+114.89,-7.84,+16440.44,+32.70,+3804.84,+91.95,+773.99,+88.72
160.00,MOSTALPLC,MSP,+94.40,+2.04,+128.34,-1.75,+135.46,-7.19,+115.65,-10.63
160.00,NEWAG,NWG,+67.70,-9.90,+485.23,-15.64,+419.08,-13.01,+256.54,-12.60
160.00,TATRY,TMR,+53.33,+11.30,+122.96,-16.66,+122.96,+58.08,+102.34,+91.28
160.00,VOTUM,VOT,+59.11,+8.54,+177.41,+100.00,+144.06,+129.09,+116.75,+116.75
150.00,ANSWEAR,ANR,+22.19,+4.78,+21655.56,+16.49,+331.77,+16.78,+185.29,+11.47
150.00,ATENDE,ATD,+25.03,+6.75,+346.11,+24.14,+472.68,+13.47,+268.91,+19.35
150.00,ATREM,ATR,+33.28,+2.04,+166.24,-1.75,+168.33,-7.19,+172.34,-10.63
150.00,BIOPLANET,BIP,+10.67,+10.67,+417.84,-2.02,+278.16,+0.34,+345.08,-17.20
150.00,BLOOBER,BLO,+49.22,-6.45,+169.69,+0.38,+376.79,+7.42,+296.72,+23.50
150.00,BIOMAXIMA,BMX,+19.05,+4.02,+562.96,-0.24,+3466.67,+10.06,+939.78,+12.64
150.00,CPIEUROPE,CPI,+17.08,-0.10,+421.63,+0.17,+361.40,+6.19,+165.71,-11.58
150.00,DEBICA,DBC,+34.71,+5.54,+207.78,+32.36,+147.19,+27.22,+165.14,-0.96
150.00,ELEKTROTI,ELT,+36.82,+0.18,+199.81,-10.92,+605.10,-0.50,+249.23,+4.69
150.00,EUCO,EUC,+23.10,+8.54,+128.16,+100.00,+129.09,+129.09,+125.87,+116.75
150.00,FORTE,FTE,+4.11,+4.11,+1024.34,-49.78,+175.03,-48.35,+2313.60,-186.34
150.00,IFIRMA,IFI,+15.40,+6.75,+181.53,+24.14,+176.12,+13.47,+158.19,+19.35
150.00,IZOLACJA,IZO,+3.45,+2.04,+745.45,-1.75,+181.01,-7.19,+204.76,-10.63
150.00,BOGDANKA,LWB,+6.49,+7.02,+337.79,+215.14,+611.57,+295.35,+563.67,+270.75
150.00,NOVATURAS,NTU,+14.01,+20.86,+222.07,+73.46,+225.45,+9.70,+196.77,+20.70
150.00,PJPMAKRUM,PJP,+7.39,+2.04,+175.50,-1.75,+156.43,-7.19,+125.45,-10.63
150.00,PEPEES,PPS,+37.61,+1.22,+211.37,-17.67,+250.99,-17.80,+115.07,-18.89
150.00,PTWP,PTW,+3.47,+8.33,+620.40,+11.22,+4727.38,+21.24,+354.09,+7.22
150.00,POLIMEXMS,PXM,+45.07,+2.04,+723.62,-1.75,+514.49,-7.19,+320.09,-10.63
150.00,RAINBOW,RBW,+21.82,+20.86,+1010.93,+73.46,+437.87,+9.70,+374.66,+20.70
150.00,SELENAFM,SEL,+0.01,+0.18,+330.68,-10.92,+166.84,-0.50,+246.49,+4.69
150.00,SPYROSOFT,SPR,+27.01,+5.24,+138.88,+11.16,+123.03,+14.97,+164.66,+17.70
150.00,UNIBEP,UNI,+30.96,+0.18,+112.68,-10.92,+106.96,-0.50,+101.17,+4.69
150.00,XPLUS,XPL,+6.75,+6.75,+262.60,+24.14,+178.04,+13.47,+170.40,+19.35
150.00,NEPTIS,YAN,+17.86,+6.75,+1957.81,+24.14,+1036.00,+13.47,+808.57,+19.35
150.00,STAPORKOW,ZUK,+48.12,-6.72,+183.10,-26.85,+186.40,-34.99,+153.37,-27.62
140.00,ASMGROUP,ASM,+16.21,+6.74,+121.23,+31.93,+122.78,+36.13,+76.10,+21.63
140.00,CORMAY,CRM,+1.79,+11.02,+98.70,+17.36,+110.22,+14.71,+327.97,-15.26
140.00,GRENEVIA,GEA,+3.03,-6.72,+79.17,-26.85,+343.48,-34.99,+1590.00,-27.62
140.00,MERCATOR,MRC,+27.80,-28.57,+73.13,+28.14,+289.89,+3.49,+888.64,+2.88
140.00,NOCTILUCA,NCL,+235.78,+16.85,+74.87,+31.41,+74.89,+19.38,+71.50,+29.24
140.00,REGNON,REG,+600.00,+8.53,+55.73,-3.17,+55.38,+7.15,+55.38,+27.42
140.00,SELVITA,SLV,+18.18,+18.18,+109.97,-1.81,+113.30,-3.88,+53.84,-3.88
140.00,WASKO,WAS,+21.73,+6.75,+253.40,+24.14,+146.03,+13.47,+88.40,+19.35
130.00,AILLERON,ALL,+43.62,+5.24,+46.01,+11.16,+114.58,+14.97,+157.07,+17.70
130.00,DADELO,DAD,+52.86,+4.78,+62.61,+16.49,+72.78,+16.78,+74.10,+11.47
130.00,LABOPRINT,LAB,+5.11,+0.95,+114.77,-2.64,+406.08,-23.39,+2.19,-9.56
130.00,RAWLPLUG,RWL,+9.84,-6.72,+93.54,-26.85,+53.99,-34.99,+484.50,-27.62
120.00,DIGITANET,DIG,+24.69,+7.22,+73.55,-4.55,+73.95,-4.55,+52.25,-10.95
120.00,PURE,PUR,+26.92,+18.18,+82.54,-1.81,+82.74,-3.88,+73.08,-3.88
120.00,QUANTUM,QNT,+16.69,+5.24,+75.01,+11.16,+72.95,+14.97,+80.43,+17.70
120.00,SNTVERSE,SVE,+45.17,+14.61,+51.47,-42.16,+52.44,-10.29,+80.25,-25.74
110.00,CASPAR,CSR,+30.37,+5.12,+36.50,-16.81,+59.17,-19.73,+91.24,-26.65
110.00,ESOTIQ,EAH,+14.57,+5.92,+73.10,+4.76,+59.64,+2.92,+49.42,-2.08
110.00,MOLECURE,MOC,+2035.71,+18.18,+24.62,-1.81,+23.57,-3.88,+24.18,-3.88
110.00,MOVIEGAMES,MOV,+88.38,-6.45,+39.09,+0.38,+4.26,+7.42,+79.05,+23.50
110.00,PASSUS,PAS,+16.75,+5.24,+37.85,+11.16,+37.90,+14.97,+202.74,+17.70
110.00,PLAYWAY,PLW,+1.13,-6.45,+11.91,+0.38,+0.49,+7.42,+167.45,+23.50
110.00,QUERCUS,QRS,+21.35,+5.12,+24.95,-16.81,+102.78,-19.73,+41.00,-26.65
110.00,SYGNITY,SGN,+17.01,+6.75,+50.75,+24.14,+50.94,+13.47,+42.37,+19.35
110.00,TOYA,TOA,+18.52,+0.03,+37.75,-0.99,+52.65,-3.09,+51.25,-4.06
100.00,DIAG,DIA,+23.74,+10.64,+27.45,+21.33,+48.54,-0.90,+79.92,+54.01
100.00,GRUPRACUJ,GPP,+8.03,+8.33,+4.07,+11.22,+7.47,+21.24,+61.45,+7.22
100.00,IZOSTAL,IZS,+91.71,-9.90,+42.37,-15.64,+35.48,-13.01,+0.09,-12.60
100.00,MEGARON,MEG,+2.83,+0.18,+33.18,-10.92,+38.56,-0.50,+50.35,+4.69
100.00,PANOVA,NVA,+41.37,+2.04,+27.61,-1.75,+28.98,-7.19,+79.53,-10.63
90.00,ASSECOBS,ABS,+8.28,+6.75,+13.30,+24.14,+13.47,+13.47,+18.21,+19.35
90.00,CYBERFLKS,CBF,+32.19,+18.75,+38.46,+35.75,+39.23,+38.63,+15.07,+38.23
90.00,COMP,CMP,+10.07,+6.75,+15.75,+24.14,+27.68,+13.47,+40.22,+19.35
90.00,DMGROUP,DMG,+5.23,+5.12,+2.61,+7.06,+1.17,+4.06,+11.67,+57.55
90.00,DOMDEV,DOM,+5.09,-36.87,+7.75,-31.45,+6.07,-38.20,+8.01,-15.38
90.00,EUROTEL,ETL,+18.67,+4.11,+8.85,-6.11,+8.32,+4.17,+15.63,+5.94
90.00,GENOMTEC,GMT,+7.94,+4.02,+18.93,-0.24,+13.51,+10.06,+16.36,+12.64
90.00,INDYGO,IDG,0,0,+166.67,+1.90,+166.67,+40.16,+171.43,-7.59
90.00,INTERSPPL,IPO,+1.13,-1.38,+4.36,-5.28,+18.08,-1.29,+6.92,+5.07
90.00,IU,IUS,+12.61,+4.27,+14.90,+9.38,+17.97,+14.88,+21.54,+15.22
90.00,KPPD,KPD,+0.77,-7.06,+15.48,-41.56,+46.94,-7.69,+31.96,+21.44
90.00,LSISOFT,LSI,+17.44,+5.24,+15.45,+11.16,+30.38,+14.97,+9.07,+17.70
90.00,MURAPOL,MUR,+1.01,-36.87,+16.83,-31.45,+14.39,-38.20,+12.23,-15.38
90.00,PATENTUS,PAT,+36.67,-9.90,+21.16,-15.64,+13.46,-13.01,+44.40,-12.60
90.00,PCCEXOL,PCX,+19.94,-1.88,+35.07,-0.16,+31.98,+22.42,+27.25,+23.32
90.00,SHOPER,SHO,+17.04,+6.75,+27.58,+24.14,+25.93,+13.47,+26.83,+19.35
90.00,STALEXP,STX,+9.01,+14.52,+27.98,+47.75,+18.21,+46.86,+14.00,+29.76
90.00,VERCOM,VRC,+5.92,+6.75,+25.44,+24.14,+29.11,+13.47,+37.95,+19.35
90.00,WIRTUALNA,WPL,+10.71,+8.33,+1.65,+11.22,+4.37,+21.24,+13.08,+7.22
80.00,EUROHOLD,EHG,0,0,+95.43,+5.80,+115.32,+66.67,+105.47,+72.30
70.00,MBWS,MBW,0,0,+16.63,+6.67,+408.33,-18.59,+977.09,+6.69
60.00,BIGCHEESE,BCS,-0.41,-6.45,+151.10,+0.38,+266.36,+7.42,+20014.29,+23.50
60.00,CREEPYJAR,CRJ,-2.98,-6.45,+1016.69,+0.38,+708.83,+7.42,+889.59,+23.50
60.00,IFSA,IFR,-0.51,-0.51,+297.97,+15.68,+297.97,+1.37,+397.47,+2.54
60.00,IMCOMPANY,IMC,-16.61,+1.22,+363.20,-17.67,+2002.70,-17.80,+131.33,-18.89
60.00,KRVITAMIN,KVT,-3.14,+1.22,+167.62,-17.67,+196.62,-17.80,+181.34,-18.89
60.00,STALPROD,STP,0,0,+66.90,+5.78,+56.35,+16.60,+54.47,-12.42
50.00,06MAGNA,06N,+175.89,+71.91,-34.24,+10.11,+79.09,+34.83,+117.85,+11.41
50.00,AMPLI,APL,+58.60,-5.44,+103.57,-15.07,-5.26,-26.09,+120.00,-45.29
50.00,CCENERGY,CCE,0,0,+137.65,+0.17,+26.23,+6.19,+24.07,-11.58
50.00,ROPCZYCE,RPC,-12.27,+2.04,+169.61,-1.75,+141.47,-7.19,+98.08,-10.63
40.00,COLUMBUS,CLC,+15.38,-17.96,+548.58,+31.64,+410.81,-5.41,-29.26,+24.15
40.00,CELTIC,CPD,0,0,+41.44,+0.17,+48.19,+6.19,+51.91,-11.58
40.00,DBENERGY,DBE,-50.42,-1.34,+125.72,-14.24,+116.59,-22.41,+107.59,-18.44
40.00,EMCINSMED,EMC,+22.68,+1.34,+117.04,+92.04,+1546.62,+810.24,-42.85,-35.14
40.00,GAMEOPS,GOP,-5.87,-6.45,+655.78,+0.38,+21.09,+7.42,+855.08,+23.50
40.00,JWWINVEST,JWW,-28.12,-6.72,+31.05,-26.85,+162.95,-34.99,+7750.00,-27.62
40.00,KRKA,KRK,0,0,+5.19,+17.36,+4.52,+14.71,+50.18,-15.26
40.00,PEPCO,PCO,0,0,+71.02,-8.04,+49.25,-1.36,+48.39,-46.59
30.00,ASSECOPOL,ACP,0,0,+9.29,+11.16,+10.21,+14.97,+17.31,+17.70
30.00,ALLEGRO,ALE,0,0,+39.16,+16.49,+17.08,+16.78,+22.62,+11.47
30.00,APSENERGY,APE,-22.65,-9.90,+76.30,-15.64,+79.26,-13.01,+71.08,-12.60
30.00,INTERCARS,CAR,0,0,+14.14,+32.36,+12.08,+27.22,+0.77,-0.96
30.00,CAPITAL,CPA,0,0,+33.18,+3.03,+33.18,+17.52,+31.96,+31.96
30.00,DINOPL,DNP,0,0,+3.50,-6.11,+4.17,+4.17,+5.46,+5.94
30.00,ECBSA,ECB,-68.49,-17.96,+108.85,+31.64,+100.60,-5.41,+98.58,+24.15
30.00,ENERGA,ENG,0,0,+0.12,-5.15,+5.43,-40.34,+12.30,-32.74
30.00,FASTFIN,FFI,-1.31,-16.38,+63.69,+11.39,+63.58,+31.05,+63.69,+35.86
30.00,TSGAMES,TEN,-3.46,-19.74,+66.58,-10.92,+60.23,-6.76,+53.21,-24.12
30.00,VIVID,VVD,-6.45,-6.45,+82.88,+0.38,+94.89,+7.42,+94.60,+23.50
20.00,ADIUVO,ADV,-90.15,-28.57,+230.69,+28.14,+129.94,+3.49,+4.20,+2.88
20.00,AIGAMES,ALG,+52.37,-6.45,+63.86,+0.38,+110.62,+7.42,-74.24,+23.50
20.00,DEKPOL,DEK,-2.36,+2.04,+81.69,-1.75,+77.12,-7.19,+24.02,-10.63
20.00,MIRACULUM,MIR,+16.95,+5.12,-3.36,+7.06,+6.94,+4.06,+4200.00,+57.55
10.00,08OCTAVA,08N,+9.31,-36.87,-45.98,-31.45,+47.55,-38.20,+56.77,-15.38
10.00,BIOTON,BIO,+75.06,+11.02,+20.99,+17.36,+24.34,+14.71,-15.26,-15.26
10.00,COALENERG,CLE,-99.69,-18.34,+92.11,-43.67,+74.65,+2.83,+93.81,+13.86
10.00,MENNICA,MNC,+22.89,+6.72,-25.93,+5.78,+35.65,+16.60,+52.01,-12.42
10.00,ORCOGROUP,OPG,+477.78,-0.10,-88.37,+0.17,+2.09,+6.19,+77.28,-11.58
10.00,SIMFABRIC,SIM,-66.56,-6.45,+75.54,+0.38,+72.44,+7.42,+77.57,+23.50
10.00,TORPOL,TOR,+47.91,+2.04,+8.61,-1.75,+50.58,-7.19,-5.80,-10.63
10.00,TRANSPOL,TRN,+2.01,+3.65,+61.55,+61.55,+211.83,+104.23,-74.20,+80.72
0.00,ASSECOSEE,ASE,+9.06,+6.75,+1.19,+24.14,+3.49,+13.47,-21.46,+19.35
0.00,BETACOM,BCM,-8.67,+8.42,+39.13,+25.44,+0.33,+14.63,+34.32,+26.73
0.00,BENEFIT,BFT,+20.86,+20.86,+0.65,+73.46,+2.59,+9.70,-19.65,+20.70
0.00,BORYSZEW,BRS,0,0,+77.50,+5.78,+39.86,+16.60,-5.29,-12.42
0.00,ENEA,ENA,0,0,0,0,0,0,0,0
0.00,ENAP,ENP,-19.68,+0.18,+22.67,-10.92,+34.14,-0.50,+30.59,+4.69
0.00,HYDROTOR,HDR,+6.68,-9.90,-4.33,-15.64,+4.28,-13.01,+19.10,-12.60
0.00,HARPER,HRP,0,0,0,0,0,0,0,0
0.00,INTERBUD,ITB,+1300.00,-0.10,+1.92,+0.17,-62.74,+6.19,+10.68,-11.58
0.00,KINOPOL,KPL,+1.44,+7.22,-8.42,-4.55,+3.84,-4.55,+1.70,-10.95
0.00,MONNARI,MON,+1.18,+5.92,-6.87,+4.76,+5.06,+2.92,+27.53,-2.08
0.00,ORZBIALY,OBL,-11.16,+3.30,+3.54,-57.67,+5.13,-48.94,+20.52,-71.85
0.00,PKNORLEN,PKN,0,0,0,0,0,0,0,0
0.00,PKPCARGO,PKP,0,0,0,0,0,0,0,0
0.00,SADOVAYA,SGR,-80.27,-10.03,+6.00,-31.45,+90.17,+90.17,+69.70,+69.70
0.00,SNIEZKA,SKA,-0.02,+2.04,+2.59,-1.75,+0.84,-7.19,+2.37,-10.63
0.00,SONEL,SON,+33.09,-9.90,-13.05,-15.64,+0.57,-13.01,+6.37,-12.60
0.00,TAURONPE,TPE,0,0,0,0,0,0,0,0
0.00,ULTGAMES,ULG,-7.01,-19.74,+39.11,-10.92,+42.13,-6.76,+18.26,-24.12
0.00,ZABKA,ZAB,0,0,0,0,0,0,0,0
-10.00,AUTOPARTN,APR,0,0,+0.76,+32.36,+0.74,+27.22,-2.69,-0.96
-10.00,BIOCELTIX,BCX,0,0,-0.62,+21.21,+6.78,+16.81,+2.02,+23.90
-10.00,BRASTER,BRA,-72.92,-46.66,+48.29,+14.56,+52.90,-8.34,+42.21,-3.87
-10.00,MANYDEV,MAN,0.00,-6.45,-9.76,+0.38,+37.99,+7.42,+34.29,+23.50
-10.00,TENDERHUT,THG,-1.02,+16.85,+206.33,+31.41,+69.68,+19.38,-34.72,+29.24
-10.00,URTESTE,URT,0,0,+25.10,-0.24,+3.40,+10.06,-23.81,+12.64
-20.00,CAPTORTX,CTX,-54.45,+4.02,+34.00,-0.24,+24.08,+10.06,+23.73,+12.64
-20.00,REMAK,RMK,-5.33,+2.04,+183.30,-1.75,+229.83,-7.19,-94.84,-10.63
-20.00,ZREMB,ZRE,+5.37,-9.90,-16.31,-15.64,-44.27,-13.01,+130.28,-12.60
-30.00,ENELMED,ENE,+16.56,+1.34,+1023.06,+92.04,+3226.09,+810.24,-105.15,-35.14
-30.00,IBSM,IBS,+359.41,-0.10,+90.03,+0.17,+90.99,+6.19,-174.53,-11.58
-40.00,APATOR,APT,-4.27,-9.90,+2.45,-15.64,-3.73,-13.01,+1.38,-12.60
-40.00,CREOTECH,CRI,+16.85,+16.85,+7.13,+31.41,-19.90,+19.38,-17.67,+29.24
-40.00,DECORA,DCR,+16.89,+2.04,+3.98,-1.75,-6.54,-7.19,-10.63,-10.63
-40.00,DRAGOENT,DGE,-5.50,-6.45,+7.86,+0.38,-68.80,+7.42,+242.86,+23.50
-40.00,GREENX,GRX,+41.47,-1.12,+41.79,-75.29,-26.84,-69.72,-26.84,-86.91
-40.00,IMPERIO,IMP,-88.00,-14.46,-50.70,+3.03,+145.00,+17.52,+145.00,+31.96
-40.00,MWTRADE,MWT,+41.98,-6.30,-4.14,-22.18,-0.54,-21.59,+13.74,+13.74
-40.00,REDAN,RDN,-96.56,+5.92,+79.93,+4.76,+83.59,+2.92,-2.08,-2.08
-40.00,VOXEL,VOX,+42.72,-28.57,-11.20,+28.14,-21.51,+3.49,+1.55,+2.88
-50.00,EUROCASH,EUR,0,0,-38.97,-6.11,-37.47,+4.17,+5.94,+5.94
-50.00,PEKABEX,PBX,+31.69,+0.18,-62.20,-10.92,-9.59,-0.50,+80.02,+4.69
-50.00,VISTAL,VTL,-57.15,-1.45,+54.59,+33.00,+44.76,+10.42,-44.68,+12.00
-50.00,YOLO,YOL,-100.00,+18.30,+49.69,+24.39,+52.81,+28.64,+59.32,+20.08
-60.00,AGROTON,AGT,-127.17,+0.72,+4.01,-9.79,+50.56,+8.74,+42.64,+14.66
-60.00,CLOUD,CLD,-4.03,+16.85,-30.34,+31.41,-21.99,+19.38,+184.32,+29.24
-60.00,KGHM,KGH,0,0,0,0,-20.86,+295.35,-22.17,+270.75
-60.00,KOMPAP,KMP,+0.23,-7.06,-73.14,-41.56,-12.99,-7.69,+10.93,+21.44
-60.00,PBSFINANSE,PBF,+2797.83,-10.20,+122.13,+12.73,+135.59,+16.58,-864.52,-4.00
-60.00,PHOTON,PEN,+23.45,-8.44,+85.29,-5.15,+46.55,-40.34,-172.84,-32.74
-60.00,POLWAX,PWX,-65.26,-1.88,-24.19,-0.16,+22.14,+22.42,+19.39,+23.32
-60.00,ULMA,ULM,+8.88,+2.04,+17.40,-1.75,-31.55,-7.19,-82.57,-10.63
-70.00,ATLANTIS,ATS,-31.23,-34.20,-23.34,0.00,-23.34,0.00,+72.89,-3.98
-70.00,CYFRPLSAT,CPS,0,0,+46.97,+9.38,-9.37,+14.88,-52.96,+15.22
-70.00,MEDINICE,ICE,-100.00,+22.47,+15.07,+10.29,+15.07,+12.68,+9.90,+6.62
-70.00,UNIMOT,UNT,0,0,+400.34,-8.31,-69.26,-2.17,-73.60,+12.69
-80.00,4MASS,4MS,+12.47,+5.92,-44.88,+4.76,-41.58,+2.92,-18.59,-2.08
-80.00,ACTION,ACT,+5.18,+8.29,-10.70,+35.36,-10.78,+16.60,-0.01,+50.63
-80.00,ARTIFEX,ART,-3.03,-19.74,-6.09,-10.92,-5.72,-6.76,+15.38,-24.12
-80.00,BRAND24,B24,+25.62,+6.75,-37.92,+24.14,-32.68,+13.47,-6.12,+19.35
-80.00,CDPROJEKT,CDR,-28.08,-6.45,-23.60,+0.38,-23.03,+7.42,+16.01,+23.50
-80.00,EKOEXPORT,EEX,+210.57,+14.96,+56.79,+25.08,+86.07,+16.42,-1305.08,-26.02
-80.00,ENTER,ENT,+5.29,+3.65,+170.19,+61.55,+173.00,+104.23,-245.14,+80.72
-80.00,HUUUGE,HUG,-9.78,-6.45,+2.26,+0.38,-13.77,+7.42,-0.80,+23.50
-80.00,KOGENERA,KGN,-17.57,-17.96,-3.21,+31.64,-17.30,-5.41,+24.15,+24.15
-80.00,KRUK,KRU,+7.23,+7.23,-5.88,-16.75,-5.88,-5.88,-25.58,-1.23
-80.00,MOBRUK,MBR,+8.66,+3.30,-3.86,-57.67,-4.29,-48.94,-5.90,-71.85
-80.00,MOSTALZAB,MSZ,+3.03,+2.04,-48.36,-1.75,-20.97,-7.19,-33.54,-10.63
-80.00,NTTSYSTEM,NTT,-16.52,+6.75,-9.42,+24.14,-30.42,+13.47,+2.69,+19.35
-80.00,NOVITA,NVT,+7.08,+4.04,-5.04,-8.78,-6.65,-9.14,-1.75,-9.93
-80.00,ODLEWNIE,ODL,+4.21,+6.72,-28.20,+5.78,-30.84,+16.60,-33.86,-12.42
-80.00,OTMUCHOW,OTM,+4.50,+3.54,-24.88,-7.72,-37.25,+0.89,-29.40,+11.26
-80.00,SANOK,SNK,+3.96,+5.54,-41.63,+32.36,-42.80,+27.22,-46.98,-0.96
-80.00,SECOGROUP,SWG,+2.64,-9.90,-15.64,-15.64,-9.95,-13.01,-12.11,-12.60
-80.00,WITTCHEN,WTN,+0.81,+5.12,-40.68,+7.06,-42.65,+4.06,-13.36,+57.55
-80.00,WAWEL,WWL,+9.57,+1.22,-17.94,-17.67,-17.99,-17.80,-7.85,-18.89
-90.00,ABPL,ABE,0,0,-0.99,-0.99,-3.09,-3.09,-4.06,-4.06
-90.00,ASBIS,ASB,0,0,-35.11,-0.99,-35.11,-3.09,-49.39,-4.06
-90.00,BUDIMEX,BDX,0,0,-15.48,-1.75,-3.59,-7.19,-9.22,-10.63
-90.00,EFEKT,EFK,-57.09,+8.27,-17.11,-7.58,+62.41,+16.38,-15.46,-8.87
-90.00,GIGROUP,GIG,-4.45,+0.95,+166.42,-2.64,-192.55,-23.39,+34.70,-9.56
-90.00,KETY,KTY,0,0,-3.20,+5.78,-2.44,+16.60,-19.56,-12.42
-90.00,MEXPOLSKA,MEX,+23.97,+20.86,+149.12,+73.46,-43.21,+9.70,-196.51,+20.70
-90.00,NEUCA,NEU,0,0,-6.83,-6.83,-7.67,-7.67,-15.11,-15.11
-90.00,ORANGEPL,OPL,0,0,-13.28,+9.38,-10.60,+14.88,-15.86,+15.22
-90.00,STALPROFI,STF,+64.13,+4.04,-18.46,-8.78,-16.75,-9.14,-61.12,-9.93
-90.00,YARRL,YRL,+56.99,+5.24,-44.38,+11.16,-44.71,+14.97,-51.34,+17.70
-100.00,GRUPAAZOTY,ATT,0,0,-525.53,-70.72,+103.31,+114.78,+92.92,+103.82
-100.00,BEST,BST,+0.05,+7.23,-16.75,-16.75,-16.75,-5.88,-74.79,-1.23
-100.00,CLNPHARMA,CLN,+22.31,+11.02,-4.31,+17.36,-4.96,+14.71,-60.08,-15.26
-100.00,CITYSERV,CTS,+4.42,+0.95,-39.37,-2.64,-17.04,-23.39,-74.24,-9.56
-100.00,KOMPUTRON,KOM,+12.71,+12.18,-58.49,-5.10,-49.99,-6.02,-47.98,-21.92
-100.00,LENTEX,LTX,+4.04,+4.04,-38.86,-8.78,-62.81,-9.14,-47.43,-9.93
-100.00,PCCROKITA,PCR,+3.37,-1.88,-42.83,-0.16,-30.77,+22.42,-82.43,+23.32
-100.00,PHARMENA,PHR,+3830.00,+11.02,+40.07,+17.36,+37.87,+14.71,-309.87,-15.26
-100.00,REINHOLD,RHD,+100.00,+8.06,-100.00,+13.83,+103.68,+26.68,-99.19,+6.41
-100.00,SATIS,STS,0,0,-122.22,+24.14,0,0,0,0
-100.00,TRAKCJA,TRK,+6.44,+0.18,-33.18,-10.92,-50.73,-0.50,-46.52,+4.69
-110.00,KERNEL,KER,0,0,-48.37,-0.91,-45.70,+0.04,-56.24,-6.07
-110.00,LENA,LEN,-1.31,-9.90,+81.47,-15.64,-53.26,-13.01,-82.31,-12.60
-110.00,NANOGROUP,NNG,0.00,+4.02,-218.54,-0.24,+55.68,+10.06,+54.41,+12.64
-120.00,ACAUTOGAZ,ACG,-17.06,+5.54,-18.91,+32.36,-21.65,+27.22,-25.19,-0.96
-120.00,ALTUS,ALI,-0.59,+5.12,-9.78,-16.81,-14.81,-19.73,-17.35,-26.65
-120.00,APLISENS,APN,-17.20,-9.90,-48.92,-15.64,-49.31,-13.01,-47.51,-12.60
-120.00,ASTARTA,AST,-26.90,+1.22,-11.11,-17.67,-17.61,-17.80,-30.71,-18.89
-120.00,ATMGRUPA,ATG,-11.14,+8.33,-46.89,+11.22,-49.70,+21.24,-47.45,+7.22
-120.00,ATLANTAPL,ATP,-3.06,+2.53,-47.81,-0.91,-49.37,+0.04,-30.06,-6.07
-120.00,FERRO,FRO,-0.90,+0.18,-10.92,-10.92,-17.34,-0.50,-25.41,+4.69
-120.00,IMMOBILE,GKI,-36.12,+71.91,+134.29,+10.11,+121.65,+34.83,-434.76,+11.41
-120.00,GRODNO,GRN,-1.87,-6.55,-30.50,-8.04,-23.37,+5.84,-44.78,-8.85
-120.00,HELIO,HEL,-3.30,-0.71,-30.47,-8.34,-32.16,-8.68,-27.46,-6.18
-120.00,IFCAPITAL,IFC,-35.15,-0.51,-43.52,+15.68,-43.52,+1.37,-46.65,+2.54
-120.00,INSTALKRK,INK,-37.98,+2.04,-49.50,-1.75,-47.72,-7.19,-49.35,-10.63
-120.00,KRAKCHEM,KCH,-33.91,-5.44,-31.37,-15.07,-26.09,-26.09,-5.33,-45.29
-120.00,LUBAWA,LBW,-13.91,+5.92,-38.70,+4.76,-41.31,+2.92,-30.71,-2.08
-120.00,LOKUM,LKD,-85.98,-36.87,-111.05,-31.45,+62.40,-38.20,+47.60,-15.38
-120.00,MAKARONPL,MAK,-6.85,+1.22,-45.27,-17.67,-23.91,-17.80,-19.45,-18.89
-120.00,MANGATA,MGT,-11.31,-9.90,-49.47,-15.64,-45.38,-13.01,-49.28,-12.60
-120.00,ONESANO,ONO,-10.70,+18.18,-1.81,-1.81,-6.12,-3.88,-12.75,-3.88
-120.00,POLICE,PCE,-16.70,-8.97,-518.22,-70.72,+150.74,+114.78,+103.82,+103.82
-120.00,RELPOL,RLP,-12.89,-9.90,-45.60,-15.64,-19.95,-13.01,-12.60,-12.60
-120.00,RENDER,RND,-5.62,-19.74,-31.58,-10.92,-31.31,-6.76,-40.39,-24.12
-120.00,SEKO,SEK,-2.84,+1.22,-30.91,-17.67,-29.24,-17.80,-18.33,-18.89
-120.00,SILVANO,SFG,-1.60,-1.38,-2.68,-5.28,-2.67,-1.29,-21.21,+5.07
-120.00,SYNEKTIK,SNT,-25.13,+18.18,-9.03,-1.81,-8.62,-3.88,-4.44,-3.88
-120.00,TEXT,TXT,-0.50,+8.42,-8.37,+25.44,-8.16,+14.63,-5.96,+26.73
-120.00,PULAWY,ZAP,-9.90,-8.97,-294.62,-70.72,+240.53,+114.78,+210.77,+103.82
-120.00,ZAMET,ZMT,-63.25,-9.90,-52.63,-15.64,-13.01,-13.01,+11.64,-12.60
-130.00,LARK,LRK,0,0,0,0,+93.06,+44.78,-939.31,+47.60
-140.00,FABRITY,FAB,-3.99,+5.24,-21.12,+11.16,-21.55,+14.97,-74.94,+17.70
-140.00,FASING,FSG,-9.91,-9.90,-7.62,-15.64,-2.65,-13.01,-93.65,-12.60
-140.00,RYVU,RVU,-17.27,+18.18,-22.89,-1.81,-67.72,-3.88,-30.30,-3.88
-140.00,SCPFL,SCP,-37.84,+18.18,-38.55,-1.81,-38.58,-3.88,-60.73,-3.88
-140.00,TARCZYNSKI,TAR,+5.80,+3.54,-60.06,-7.72,-82.59,+0.89,-86.39,+11.26
-140.00,XTPL,XTP,+38.70,+16.85,-67.97,+31.41,-67.61,+19.38,-77.14,+29.24
-150.00,MARVIPOL,MVP,+33.50,-36.87,-10.32,-31.45,-38.20,-38.20,-128.61,-15.38
-150.00,NEXITY,NXG,0.00,+8.27,-58.14,-7.58,-58.14,+16.38,-67.86,-8.87
-150.00,PCFGROUP,PCF,+50.52,-6.45,+175.83,+0.38,-116.84,+7.42,-128.55,+23.50
-150.00,TOWERINVT,TOW,-88.72,-0.10,-509.09,+0.17,+91.41,+6.19,+106.30,-11.58
-160.00,DEVELIA,DVL,-36.87,-36.87,-55.48,-31.45,-58.14,-38.20,-22.78,-15.38
-160.00,INTROL,INL,-10.59,-9.90,-46.64,-15.64,-50.33,-13.01,-57.29,-12.60
-160.00,KREDYTIN,KRI,+48.07,+12.97,+8.13,+8.13,-42.09,+7.25,-1464.81,+6.74
-160.00,MIRBUD,MRB,-23.19,+2.04,-44.88,-1.75,-53.14,-7.19,-54.87,-10.63
-160.00,MUZA,MZA,-13.14,+8.33,-45.38,+11.22,-54.37,+21.24,-53.33,+7.22
-160.00,PRAGMAINK,PRI,-32.52,-7.84,+33.97,+32.70,-242.90,+91.95,+15.90,+88.72
-160.00,STARHEDGE,SHG,-37.18,-34.20,-98.91,0.00,-68.51,0.00,-5.39,-3.98
-160.00,TERMOREX,TRR,-13.64,-12.16,-32.66,+20.70,-55.45,+37.63,-94.60,+52.80
-170.00,WARIMPEX,WXF,+45.90,-0.10,-499.48,+0.17,+79.79,+6.19,-52.76,-11.58
-180.00,ALTA,AAT,+39.53,-36.87,+10.69,-31.45,-111.05,-38.20,-111.14,-15.38
-180.00,CAPITEA,CAP,-49.86,-7.84,-72.81,+32.70,-72.47,+91.95,-67.02,+88.72
-180.00,COMPERIA,CPL,+16.97,+7.22,+21.78,-4.55,-125.02,-4.55,-139.19,-10.95
-180.00,MERCOR,MCR,-9.67,-9.09,-87.39,-21.66,-86.82,-12.22,-78.08,-26.08
-180.00,NEXTBIKE,NXB,-19.30,-6.43,-78.12,-15.28,-78.06,-11.03,-64.80,-11.57
-180.00,TALEX,TLX,-21.11,+5.24,-72.00,+11.16,-69.07,+14.97,-71.71,+17.70
-180.00,WINVEST,WIS,0,0,-3.33,+3.03,-93.75,+17.52,-100.00,+31.96
-180.00,ZEPAK,ZEP,-24.85,-17.96,-63.28,+31.64,-70.80,-5.41,-76.33,+24.15
-190.00,CAVATINA,CAV,+18.53,-0.10,-89.93,+0.17,-63.54,+6.19,-117.76,-11.58
-190.00,GOBARTO,GOB,+2.66,+1.22,-90.24,-17.67,-88.48,-17.80,-116.95,-18.89
-190.00,SANWIL,SNW,-3.74,+5.92,+63.69,+4.76,-27.45,+2.92,-993.19,-2.08
-200.00,ATAL,1AT,-64.97,-36.87,-72.24,-31.45,-71.70,-38.20,-82.28,-15.38
-200.00,ARCHICOM,ARH,-77.77,-0.10,-91.81,+0.17,-75.65,+6.19,-82.51,-11.58
-200.00,EDINVEST,EDI,-50.41,-0.10,-86.49,+0.17,-89.33,+6.19,-92.99,-11.58
-200.00,HERKULES,HRS,-7.96,+2.04,-4.78,-1.75,-410.70,-7.19,+35.94,-10.63
-200.00,MDIENERGIA,MDI,+8.35,+0.18,-720.93,-10.92,-28.33,-0.50,-7.79,+4.69
-200.00,OPTEAM,OPM,-21.58,+5.24,-146.40,+11.16,-113.52,+14.97,+159.58,+17.70
-200.00,PLAZACNTR,PLZ,-25.75,-1.47,+492.73,+12.21,-477.69,+23.76,-92.74,-35.85
-200.00,WIKANA,WIK,-89.19,-36.87,-91.65,-31.45,-92.18,-38.20,-94.67,-15.38
-210.00,CDRL,CDL,-14.30,+5.12,-116.69,+7.06,-63.25,+4.06,-13.65,+57.55
-210.00,AMREST,EAT,0,0,-13.14,-15.28,-32.01,-11.03,-303.02,-11.57
-210.00,ECHO,ECH,-70.02,-0.10,-46.90,+0.17,-34.42,+6.19,-111.49,-11.58
-210.00,GAMFACTOR,GIF,-49.91,-6.45,-39.67,+0.38,-87.32,+7.42,-112.65,+23.50
-210.00,MILKILAND,MLK,-58.17,+4.48,+87.11,+27.61,-232.92,-0.12,-27.57,+50.98
-210.00,SOPHARMA,SPH,0,0,-200.65,-42.16,-38.20,-10.29,-22.09,-25.74
-210.00,VIGOPHOTN,VGO,+10.34,+16.85,-293.25,+31.41,-190.73,+19.38,+106.92,+29.24
-220.00,ESTAR,EST,-85.98,-2.36,-229.40,-10.00,-90.60,-10.00,+138.99,-33.96
-230.00,BOWIM,BOW,-3.60,+4.04,-71.56,-8.78,-56.55,-9.14,-153.50,-9.93
-230.00,DIGITREE,DTR,-22.23,+6.75,-84.11,+24.14,-152.31,+13.47,-83.96,+19.35
-230.00,ELKOP,EKP,-98.89,-36.87,-101.71,-31.45,-76.95,-38.20,-0.63,-15.38
-230.00,EQUNICO,EQU,-22.97,+0.18,-122.96,-10.92,-97.71,-0.50,-92.01,+4.69
-230.00,NTCAPITAL,NTC,0,0,-18.70,+10.11,-125.93,+34.83,-123.59,+11.41
-230.00,POLTREG,PTG,-100.00,+18.18,-90.07,-1.81,-49.33,-3.88,-63.26,-3.88
-240.00,AGORA,AGO,-9.49,+7.22,-23.23,-4.55,-38.67,-4.55,-300.29,-10.95
-240.00,KDMSHIPNG,KDM,+30.51,+30.51,-64.48,-2.81,-133.23,-8.90,-136.05,-6.25
-240.00,LARQ,LRQ,+2.97,+8.33,-178.49,+11.22,-56.44,+21.24,-179.60,+7.22
-250.00,PGFGROUP,PGV,-94.43,-34.20,-97.37,0.00,-104.15,0.00,-99.55,-3.98
-260.00,PAMAPOL,PMP,-5.55,+3.54,-104.99,-7.72,-112.88,+0.89,-15.68,+11.26
-260.00,TRITON,TRI,-17.03,-0.10,-156.84,+0.17,-120.94,+6.19,-44.03,-11.58
-270.00,COGNOR,COG,-20.83,+6.72,+14.75,+5.78,-154.05,+16.60,-339.06,-12.42
-270.00,MAXCOM,MXC,-10.28,-0.98,-113.18,-33.33,-223.48,+47.62,+26.33,+111.03
-280.00,AMICA,AMC,-9.79,+13.28,-71.93,-43.11,-61.73,-38.01,-316.13,-220.27
-280.00,BBIDEV,BBD,-31.52,-0.10,-1537.11,+0.17,-65.43,+6.19,-74.84,-11.58
-280.00,CZTOREBKA,CZT,-50.65,-0.10,-174.05,+0.17,-260.06,+6.19,+60.02,-11.58
-280.00,MLPGROUP,MLG,+13.50,-36.87,+15.65,-31.45,-289.51,-38.20,-363.23,-15.38
-280.00,OTLOG,OTS,-16.38,+3.65,-106.14,+61.55,-60.45,+104.23,-107.69,+80.72
-280.00,TESGAS,TSG,-41.90,+0.18,-92.71,-10.92,-107.50,-0.50,-116.85,+4.69
-290.00,LESS,LES,-100.00,+15.32,-128.78,+23.53,-107.03,+15.38,+45.52,+36.74
-290.00,REINO,RNC,+37.31,+71.91,-90.06,+10.11,-112.18,+34.83,-2739.43,+11.41
-300.00,PRIMAMODA,PMA,-74.39,+10.42,-191.18,+8.38,-125.19,+17.64,-90.29,+26.74
-300.00,RANKPROGR,RNK,-84.89,-36.87,-95.97,-31.45,-109.08,-38.20,-110.26,-15.38
-310.00,BOOMBIT,BBT,-8.03,-6.45,-12.57,+0.38,-165.20,+7.42,-806.89,+23.50
-310.00,MLSYSTEM,MLS,-11.85,-17.96,+88.37,+31.64,-224.24,-5.41,-253.32,+24.15
-320.00,LIBET,LBT,-20.53,+2.04,+41.69,-1.75,-564.26,-7.19,-1781.99,-10.63
-320.00,SUNEX,SNX,+15.01,-6.72,-47.63,-26.85,-2154.07,-34.99,-260.45,-27.62
-330.00,AMBRA,AMB,-12.39,-12.39,-114.23,-114.23,-125.35,-125.35,-173.83,-173.83
-330.00,ARCTIC,ATC,-14.77,-7.06,-111.57,-41.56,-111.74,-7.69,-129.20,+21.44
-330.00,DELKO,DEL,-12.36,-12.36,-101.21,-101.21,-152.92,-152.92,-141.93,-141.93
-330.00,IPOPEMA,IPE,-12.04,+5.12,-269.39,-16.81,-84.83,-19.73,-122.76,-26.65
-330.00,PMPG,PGM,-28.72,+8.33,-170.08,+11.22,-236.87,+21.24,-63.26,+7.22
-330.00,TBULL,TBL,-32.24,-19.74,-106.69,-10.92,-106.69,-6.76,-159.26,-24.12
-340.00,ERBUD,ERB,+13.79,+2.04,-137.62,-1.75,-159.34,-7.19,-261.59,-10.63
-340.00,IZOBLOK,IZB,+14.33,+14.33,-118.90,-118.90,-324.17,-137.20,-154.98,-154.98
-350.00,BUMECH,BMC,-68.08,-6.72,-363.48,-26.85,-7146.40,-34.99,0,0
-350.00,CIGAMES,CIG,-93.61,-6.45,-114.76,+0.38,-117.56,+7.42,-138.37,+23.50
-350.00,IDMSA,IDM,-53.82,+5.12,-222.28,-16.81,-124.97,-19.73,-59.79,-26.65
-350.00,UNFOLD,UNF,-92.31,-14.46,-114.33,+3.03,-114.58,+17.52,-116.48,+31.96
-360.00,SKYLINE,SKL,-16.67,-14.46,-7.34,+3.03,-573.97,+17.52,-384.62,+31.96
-380.00,FEERUM,FEE,+62.52,-6.72,-492.83,-26.85,-5461.82,-34.99,-160.87,-27.62
-380.00,ONDE,OND,-7.38,-8.44,-430.46,-5.15,-117.65,-40.34,-132.38,-32.74
-380.00,SERINUS,SEN,-32.95,-12.16,-660.37,+20.70,-612.98,+37.63,-76.40,+52.80
-380.00,SFINKS,SFS,-35.35,+20.86,-116.85,+73.46,-119.48,+9.70,-289.51,+20.70
-380.00,WIELTON,WLT,-11.33,-9.90,-135.88,-15.64,-263.29,-13.01,-196.49,-12.60
-390.00,11BIT,11B,+14.20,-19.74,-988.54,-10.92,-129.78,-6.76,-296.82,-24.12
-390.00,DATAWALK,DAT,+18.80,+5.24,-1461.01,+11.16,-520.30,+14.97,-149.42,+17.70
-400.00,SOHODEV,SHD,-100.00,0.00,-62.42,+1.94,-120.45,-14.20,-919.35,-30.54
-430.00,RAFAMET,RAF,-32.86,-9.90,-261.04,-15.64,-3374.19,-13.01,-187.57,-12.60
-440.00,MOSTALWAR,MSW,+0.65,+0.18,-221.01,-10.92,-212.90,-0.50,-236.25,+4.69
-450.00,ENERGOINS,ENI,-58.46,+2.04,-1950.97,-1.75,-1045.00,-7.19,-191.80,-10.63
-450.00,MABION,MAB,-89.79,+14.61,-149.15,-42.16,-286.42,-10.29,-1274.85,-25.74
-450.00,PROCHEM,PRM,-53.50,+2.04,-3043.08,-1.75,-2817.33,-7.19,-140.06,-10.63
-480.00,PROTEKTOR,PRT,-14.52,-1.38,-277.51,-5.28,-299.00,-1.29,-251.30,+5.07
-480.00,WOODPCKR,WPR,-18.34,+6.75,-226.24,+24.14,-222.37,+13.47,-278.36,+19.35
-500.00,3RGAMES,3RG,-62.76,-6.45,-205.66,+0.38,-270.50,+7.42,-267.19,+23.50
-500.00,AIRWAY,AWM,-181.82,-28.57,-107.79,+28.14,-258.56,+3.49,-9962.50,+2.88
-500.00,MEDICALG,MDG,-53.22,-28.57,-1542.36,+28.14,-1065.60,+3.49,-585.36,+2.88
-500.00,NOVAVISGR,NVG,-65.56,-17.96,-413.49,+31.64,-409.23,-5.41,-1795.56,+24.15
-500.00,RAEN,RAE,-106.21,-17.96,-179.20,+31.64,-501.45,-5.41,-429.10,+24.15
-550.00,COMPREMUM,CPR,-102.89,+0.18,-525.90,-10.92,-396.70,-0.50,-415.32,+4.69
-550.00,RAFAKO,RFK,-185.51,+0.18,-294.29,-10.92,-275.67,-0.50,-445.60,+4.69
